score,class,pred
1.0632911920547485,0,0
0.8534031510353088,0,1
0.7871286869049072,0,1
0.90625,0,0
0.8287037014961243,0,1
0.8529411554336548,0,1
0.9117646813392639,0,0
1.0838323831558228,0,0
0.8613861203193665,0,1
0.9923076629638672,0,0
0.7475728392601013,1,1
0.8802395462989807,1,1
0.8084415793418884,1,1
0.8376623392105103,1,1
0.8165467381477356,1,1
0.8639456033706665,1,1
0.8446969985961914,1,1
1.0763888359069824,1,0
0.8260869383811951,1,1
0.9599999785423279,1,0
